{
    "ADSMultiplier": 0.6499999761581421,
    "aaBubbleAngle": 4.0,
    "aaEnabled": true,
    "aaMaxDistance": 60.0,
    "aaMovementGate": 0.15000000596046448,
    "aaPullGain": 0.0,
    "aaRotMaxSpeed": 25.0,
    "aaRotationalGain": 0.4000000059604645,
    "aaSmoothing": 0.30000001192092896,
    "aaStickiness": 0.30000001192092896,
    "acceleration": 0.15000000596046448,
    "curveExponent": 2.200000047683716,
    "deadzone": 0.07999999821186066,
    "deceleration": 0.11999999731779099,
    "inputSmoothing": 0.11999999731779099,
    "maxPitchSpeed": 360.0,
    "maxYawSpeed": 420.0,
    "microAimStrength": 0.4000000059604645,
    "microAimThreshold": 0.15000000596046448,
    "name": "Classic43",
    "outerDeadzone": 0.019999999552965164
}